{
    "name": "first-network-org2",
    "version": "1.0.0",
    "client": {
        "organization": "Org2",
        "connection": {
            "timeout": {
                "peer": {
                    "endorser": "300"
                }
            }
        }
    },
    "organizations": {
        "Org2": {
            "mspid": "Org2MSP",
            "peers": [
                "peer0.org2.example.com"
            ],
            "certificateAuthorities": [
                "ca.org2.example.com"
            ]
        }
    },
    "peers": {
        "peer0.org2.example.com": {
            "url": "grpcs://localhost:9051",
            "tlsCACerts": {
                "pem": ""
            },
            "grpcOptions": {
                "ssl-target-name-override": "peer0.org2.example.com",
                "hostnameOverride": "peer0.org2.example.com"
            }
        }
    },
    "certificateAuthorities": {
        "ca.org2.example.com": {
            "url": "https://localhost:8054",
            "caName": "ca-org2",
            "tlsCACerts": {
                "pem": ""
            },
            "httpOptions": {
                "verify": false
            }
        }
    }
}
